Original Filename,Suggested New Filename
56FordRobinHoodand.mp3,56ford robinhood and.mp3
ABCBoogie.mp3,abc boogie.mp3
AboveAndBeyond.mp3,above and beyond.mp3
AHotRoddersDreamRayBurden.mp3,a hotrodders dream ray burden.mp3
AintGonnaWasteMyTimeWileyBarkdell.mp3,a int gonna waste my time wiley bark dell.mp3
AintGotAThingSonnyBurgess.mp3,a int got a thing sonny burgess.mp3
AintgotnohomeClarenceHenry.mp3,a int got no home clarence henry.mp3
AintImADog.mp3,a intima dog.mp3
AintNothinShakinEarlstonFord.mp3,a int nothin shakin earlston ford.mp3
AintThatLovingYouBabyHaydenThompson.mp3,a int that loving you baby hayden thompson.mp3
AlabamaShake.mp3,alabama shake.mp3
AllAmericanBoyBillParsons.mp3,all american boy bill parsons.mp3
AllAroundTheWorldBobbyOliver.mp3,all around the world bobby oliver.mp3
AllBecauseOfYouRockingMartin.mp3,all because of you rocking martin.mp3
AllByMyselfJohnnyBurnette.mp3,all by myself johnny burnette.mp3
AllForTheLoveOfAGirlJohnnyHorton.mp3,all for the love of a girl johnny horton.mp3
AllIHaveToDoIsDreamLiveEverlyBrothers.mp3,all i have to do is dream live everly brothers.mp3
AlltheTimeSleepyLeBeef.mp3,all the time sleepy le beef.mp3
AloneWithYouFaronYoung.mp3,alone with you far on young.mp3
Al_Urban__Wont_Tell_You_Her_Name.mp3,al urban wont tell you her name.mp3
AmIBlue.mp3,ami blue.mp3
AnywayWesleyHardin.mp3,anyway wesley hardin.mp3
ApacheAlCaiola.mp3,apache alca iola.mp3
AreYouReadyHenryWilson.mp3,are you ready henry wilson.mp3
AroundandAround.mp3,around and around.mp3
AtomBombGlennBarber.mp3,atom bomb glenn barber.mp3
Aubrey_Cagle__Come_Along_Little_Girl.mp3,aubrey cagle come along little girl.mp3
BabyBabyBabyJoeAllenNTheAlleyCats.mp3,baby baby baby joe all enn the alley cats.mp3
BabyBabyDollStanJohnson.mp3,baby babydoll stan johnson.mp3
BabyBabyMikeWaggoner.mp3,baby baby mike waggoner.mp3
BabyBlue.mp3,baby blue.mp3
BabyComeBacktoMeJohnnyRivers.mp3,baby come back to me johnny rivers.mp3
BabyDontGo_MarvinRainwater.mp3,baby dont go marvin rainwater.mp3
BabytakemebackRocLaRue.mp3,baby take me back roc larue.mp3
Baby_Please_Dont_GoTroyce_Key.mp3,baby please dont got royce key.mp3
BaconAndEggsLovettsisters.mp3,bacon and eggs lovett sisters.mp3
BadBadBoyBobbyLollar.mp3,bad bad boy bobby lollar.mp3
BallinKeenBobbyTerryCarawayTheRockats.mp3,ball in keen bobby terry caraway the rock ats.mp3
BallThatJackJosieKreuzer.mp3,ball that jack josie kreuzer.mp3
BambooStruttTheNationals.mp3,bamboo strutt the nationals.mp3
BangBangJMartin.mp3,bang bang j martin.mp3
BarbaraAnnTheRegents.mp3,barbara ann the regents.mp3
BarefootBabyJanisMartin.mp3,barefoot baby janis martin.mp3
BarkingUpTheWrongTreeDonWoody.mp3,barking up the wrong tree don woody.mp3
Barry_Darvell__A_King_For_Tonight.mp3,barry darvel la king for tonight.mp3
Barry_Martin__Minnie_The_Moocher.mp3,barry martin minnie the moocher.mp3
BeBabaLebaThurstonHarris.mp3,be baba le bathurst on harris.mp3
BeBopALulaGeneVincent.mp3,bebop alula gene vincent.mp3
BeBopALulaIsBackOnThe SceneJCarroll.mp3,bebop alula is back on the scene j carroll.mp3
BeBopBoogieBoy.mp3,bebop boogie boy.mp3
BeBoppinBabyJimmyRoby.mp3,be boppin baby jimmy roby.mp3
BelievewhatyousayRocky.mp3,believe what you say rocky.mp3
Benny_Ingram__How_Can_I_Keep_You_Loving_Me.mp3,benny ingram how can i keep you loving me.mp3
Bernie_Early__Your_Kisses_Kill_Me.mp3,bernie early your kisses kill me.mp3
BerthaLouCMiller.mp3,bertha lou c miller.mp3
BettyLouGotANewPairOfShoesBobbyFreeman.mp3,betty lou got a new pair of shoes bobby freeman.mp3
BIBickeyBiBoBoGoGeneVincent.mp3,bibickeybibobogogene vincent.mp3
BigBerrybyBigDaddy.mp3,big berry by bigdaddy.mp3
BigBlonBabyJerryLeeLewis.mp3,big blon baby jerry lee lewis.mp3
Bigelow6200BrendaLee.mp3,bigelow 6200brendalee.mp3
BigFoolRomanSelf.mp3,big fool roman self.mp3
BiggerThanTexasTommySands.mp3,bigger than texas tommy sands.mp3
BigGreenCarBillyCarroll.mp3,big green car billy carroll.mp3
BigGuitarOwenBradleyQuintet.mp3,big guitar owen bradley quintet.mp3
BigMidnightSpecialJoanArmstrong.mp3,big midnight special joan armstrong.mp3
BigRiverAltRitchie.mp3,big river alt ritchie.mp3
BigSandyBobbyRoberts.mp3,big sandy bobby roberts.mp3
Billy_Adams_You_Gotta_Have_A_Ducktail.mp3,billy adams you gotta have a duck tail.mp3
Bill_Beach__Youre_Gonna_Like_Me_Baby.mp3,bill beach your e gonna like me baby.mp3
BipALittleBopALotJoePenny.mp3,bip a little bop a lot joe penny.mp3
BipBopBoomMickeyHawks.mp3,bip bop boom mickey hawks.mp3
BirdDogDonWoody.mp3,birddog don woody.mp3
BitterFeelingsLarryLeePhillipson.mp3,bitter feelings larry lee phillipson.mp3
BlackCadillacJoyceGreen.mp3,black cadillac joyce green.mp3
BlackJackDavidWarrenSmith.mp3,blackjack david warren smith.mp3
BlackSlacks.mp3,black slacks.mp3
BlackTrainRudyThacker.mp3,black train rudy thacker.mp3
BlueberryHillFatsDomino.mp3,blueberry hill fats domino.mp3
BluebirdsOverTheMountainErselHickey.mp3,bluebirds over the mountain ers el hickey.mp3
BlueDaysBlackNightsBuddyHolly.mp3,blue days black nights buddy holly.mp3
BluesAroundMyDoorCecilBowman.mp3,blues around my door cecil bowman.mp3
BluesStayAwayFromMeDelmoreBrothers.mp3,blues stay away from me del more brothers.mp3
BlueSuedeShoesDelbertBarker.mp3,blue suede shoes delbert barker.mp3
Bobby_Crown__Thirty_Days.mp3,bobby crown thirty days.mp3
Bobby_Freeman__I_Do_the_Shimmy_Shimmy.mp3,bobby freeman i do the shimmy shimmy.mp3
Bobby_Lawson__Baby_Dont_Be_That_Way.mp3,bobby lawson baby dont be that way.mp3
BobLumanGuitarPicker.mp3,bob luman guitar picker.mp3
BoDiddleyBuddyHolly.mp3,bo diddley buddy holly.mp3
BonyMoronieLWilliams.mp3,bony moroni el williams.mp3
BoogieOogieLarryDarnell.mp3,boogie oogie larry darnell.mp3
BoogieWoogieCountryGirlNAStephensonNtheFourKings.mp3,boogie woogie country girl na stephenson n the four kings.mp3
BopADeeBopADooHalWillis.mp3,bopadeebopadoohal willis.mp3
BopALena.mp3,bop alena.mp3
BoppinGuitarRayMelton.mp3,boppin guitar ray melton.mp3
BoppinHiSchoolBabyDonWillis.mp3,boppin hi school baby don willis.mp3
BoppintheBluesStanPerkins.mp3,boppin the blues stan perkins.mp3
BoptoBeBillySwan.mp3,bop to be billy swan.mp3
Bop_BoyBill_Hayes.mp3,bop boy bill hayes.mp3
BornToLoveOneWomanRicCartey.mp3,born to love one woman riccar tey.mp3
BreakUpCharlieRich.mp3,break up charlie rich.mp3
BrownEyedHandsomeManJerJaye.mp3,brown eyed handsome man jer jaye.mp3
butterfly2.mp3,butterfly 2.mp3
ByeByeJohnnyMikeWaggoner.mp3,bye bye johnny mike waggoner.mp3
CallMeShortyMickeyGilley.mp3,call me shorty mickey gilley.mp3
Carl_Mann__Gonna_Rock_And_Roll_Tonight.mp3,carl mann gonna rock and roll tonight.mp3
CastIronArmPeanutsWilson.mp3,cast iron arm peanuts wilson.mp3
CatDaddyJimmyJohnson.mp3,cat daddy jimmy johnson.mp3
CathysClownJackNtheRippers.mp3,cathys clown jack n the rippers.mp3
CatsRhythmFoggyMtnRockers.mp3,cats rhythm foggy mtn rockers.mp3
CatTalkLewWilliams.mp3,cat talk lew williams.mp3
CCRiderCHhuckWillis.mp3,cc rider ch huck willis.mp3
Cecil_Campbell__The_Rock__Roll_Fever.mp3,cecil campbell the rock roll fever.mp3
ChantillyLaceTheBigBopper.mp3,chantilly lace the big bopper.mp3
CHARLINE_ARTHUR__BURN_THAT_CANDLE.mp3,charline arthur burn that candle.mp3
Charlotte_Harden__Alone_With_You.mp3,charlotte harden alone with you.mp3
CheatOnMeBabyRockinSaints.mp3,cheat on me baby rockin saints.mp3
CherokeeBoogieMoonMullican.mp3,cherokee boogie moon mullican.mp3
ChewTobaccoRagJimPipkinsNTheTallTimberBoys.mp3,chew tobacco rag jim pipkin sn the tall timber boys.mp3
Chuck_Bene__I_Want_My_Mama.mp3,chuck bene i want my mama.mp3
Chuck_Bene__Rock_n_Roll_No_More.mp3,chuck bene rocknroll no more.mp3
Chuck_Willis_I_Feel_So_Bad.mp3,chuck willis i feel so bad.mp3
CincinnatiFireballMervBenton.mp3,cincinnati fireball merv benton.mp3
CityBillyJeffersonRamblinManCounty.mp3,city billy jefferson ramblin man county.mp3
ClaudetteEBros.mp3,claudette e bros.mp3
ClickClackBoydBennettNtheRockets.mp3,click clack boyd bennett n the rockets.mp3
CmonEverybody.mp3,cm on everybody.mp3
CocaineBluesRoyHogsed.mp3,cocaine blues roy hogs ed.mp3
Colin_Cook__Hey_Pretty_Baby.mp3,colin cook hey pretty baby.mp3
ComeBackBabyChuckBene.mp3,come back baby chuck bene.mp3
ComeHomeDuaneGray.mp3,come home duane gray.mp3
ComeOnHomeHaroldJenkinsConwayTwitty.mp3,come on home harold jenkins conway twitty.mp3
ComeOnLittleBabyRay_Harris.mp3,come on little baby ray harris.mp3
Come_On_Over__Penny_Candy.mp3,come on over penny candy.mp3
CoolCoolBabyLafayetteYarborough.mp3,cool cool baby lafayette yarborough.mp3
CottonFieldsSpeedos.mp3,cotton fields speedos.mp3
CottonPickinMickyHawks.mp3,cotton pickin micky hawks.mp3
CrackinUpBoDiddley.mp3,crackin up bo diddley.mp3
CradleofLoveJohnnyPreston.mp3,cradle of love johnny preston.mp3
CrawdadSongRedMoore.mp3,crawdad song red moore.mp3
CrazyBabyGeneMaltais.mp3,crazy baby gene malta is.mp3
CrazyLegs.mp3,crazy legs.mp3
CrazyLoveDickGlasser.mp3,crazy love dick glasser.mp3
CrazyShoes.mp3,crazy shoes.mp3
CumberlandGapLonnieDonegan.mp3,cumberland gap lonnie donegan.mp3
CutAcrossShorty.mp3,cut across shorty.mp3
CuttinOutRockinRonald.mp3,cuttin out rockin ronald.mp3
DaddioDixiedoodleLinkWray.mp3,daddio dixie doodle link wray.mp3
DanceFrannyDanceFloydDakil.mp3,dance franny dance floyd dak il.mp3
DanceTheBopJDM.mp3,dance the bop jdm.mp3
DancetotheBopStanPerkins.mp3,dance to the bop stan perkins.mp3
DancingDoll.mp3,dancing doll.mp3
Danny_Wolfe__Lets_Flat_Get_It.mp3,danny wolfe lets flat get it.mp3
DearOneLarryFinnegan.mp3,dear one larry finnegan.mp3
DidiDidiJohnnyGarner.mp3,did i did i johnny garner.mp3
DinahLeeVerTaylor.mp3,dinah le ever taylor.mp3
DingDongRockabillyWeddingLibbyDean.mp3,ding dong rockabilly wedding libby dean.mp3
DireNeedSonnyWest.mp3,dire need sonny west.mp3
DirtyDishesJeaniMack.mp3,dirty dishes jean i mack.mp3
DirtyRobberWailers.mp3,dirty robber wailers.mp3
DixieFriedCarlPerkins.mp3,dixie fried carl perkins.mp3
DizzyMissLizzyRHawkins.mp3,dizzy miss lizzy r hawkins.mp3
DoctorDoctorDoctorJoeyNepote.mp3,doctor doctor doctor joey ne pote.mp3
Don'tRollThoseBloodshotEyesAtMeWynonieHarris.mp3,dont roll those bloodshot eyes at me wy nonie harris.mp3
DoneGoneRayCondo.mp3,done gone ray condo.mp3
DontBeCruelBillBlacksCombo.mp3,dont be cruel bill blacks combo.mp3
DontBugMeBabyMiltonAllen.mp3,dont bug me baby milton allen.mp3
DontFeelSorryForMeJimmyBeasley.mp3,dont feel sorry for me jimmy beasley.mp3
DontLetGoOriginalRoyHamilton.mp3,dont let go original roy hamilton.mp3
DontMeanMaybeBabyAlvis Wayne.mp3,dont mean may be baby alvis wayne.mp3
DontSweepThatDirtonMeBuddyShaw.mp3,dont sweep that dirt on me buddy shaw.mp3
DontWakeUpTheKidsFourDots.mp3,dont wake up the kids four dots.mp3
DontYouHearMeCallingBabyRonnieHaig.mp3,dont you hear me calling baby ronnie haig.mp3
DontYouKnowTheNationals.mp3,dont you know the nationals.mp3
Dont_Lie_To_MeDean_Beard.mp3,dont lie to me dean beard.mp3
DoWhatIDoSlimRhodes.mp3,do what i do slim rhodes.mp3
DownontheFarmAlDowning.mp3,down on the farm al downing.mp3
DownToTheBottom.mp3,down to the bottom.mp3
DreamBabyRoyOrbison.mp3,dream baby roy orbison.mp3
DreamLoverRickyNelson.mp3,dreamlover ricky nelson.mp3
DrinkinWineSpoDeeODeeMalcolmYelvington.mp3,drink in wines pod eeo dee malcolm yelvington.mp3
DriveInMackVickery.mp3,drive in mack vickery.mp3
DrivingMyLifeAwaySonnyFisher.mp3,driving my life away sonny fisher.mp3
DrugstoreRockAndRollJanisMartin.mp3,drug store rock and roll janis martin.mp3
DrummerBoyRockGeneWatson.mp3,drummer boy rock gene watson.mp3
DryRunParkerCummingham.mp3,dry run parker cumming ham.mp3
DucktailJoeClay.mp3,duck tail joe clay.mp3
Earlston_Ford_Wings_To_Fly.mp3,earlston ford wings to fly.mp3
EarlyMorningRockTheDeltones.mp3,early morning rock the del tones.mp3
EatYourHeartOutAnnieJodimars.mp3,eat your heart out annie jodi mars.mp3
EddieMyLoveTheTeenQueens.mp3,eddie my love the teen queens.mp3
EDDIE_BOND_BOPPIN_BONNIE.mp3,eddie bond boppin bonnie.mp3
Eddie_Bond__Flip_Flop_Mama.mp3,eddie bond flip flop mama.mp3
EDDIE_FONTAINE_Cool_It_Baby.mp3,eddie fontaine cool it baby.mp3
EightThirtyBluesRMaddox.mp3,eight thirty blues r maddox.mp3
Eldon_Rice__Hillbilly_Swampman.mp3,eldon rice hillbilly swamp man.mp3
EndlessSleepJodyReynolds.mp3,endless sleep jody reynolds.mp3
EnieMeanieMinieMoHoytJohnson.mp3,enie meanie mini emo hoyt johnson.mp3
Ernie_Chaffin__Im_Lonesome.mp3,ernie chaffin im lonesome.mp3
Everett_Carpenter__Run_Run_Mabel.mp3,everett carpenter run run mabel.mp3
EverlastingLoveBarbaraPittman.mp3,everlasting love barbara pittman.mp3
EverybodysMovingGlenGlenn.mp3,everybodys moving glen glenn.mp3
EverybodysRockinWerlyFairburn.mp3,everybodys rockin we rly fairburn.mp3
EverybodysTryingToBeMyBaby.mp3,everybodys trying to be my baby.mp3
EveryWomanIKnowLikesAnAutomobileAlVance.mp3,every woman i know likes an automobile al vance.mp3
FabulousCharlieGracie_.mp3,fabulous charlie gracie.mp3
FairlaneRock.mp3,fairlane rock.mp3
FallingInLoveWarnerMack.mp3,falling in love warner mack.mp3
FarewellSoLongGoodbyeBHaley.mp3,farewell so long goodbye b haley.mp3
FastFreightRitchieValens.mp3,fast freight ritchie valens.mp3
FeelingRightTonightMarthaHall.mp3,feeling right tonight martha hall.mp3
FeelinLowErnieChaffin.mp3,feelin low ernie chaffin.mp3
FeelSoFineJohnnyPreston.mp3,feel so fine johnny preston.mp3
FingerPoppinTimeHankBallardandTheMidnighters.mp3,finger poppin time hank ballard and the midnighters.mp3
FlameofLoveRomanSelf.mp3,flame of love roman self.mp3
FlatFootSamTVSlimNHisHeartbreakers.mp3,flatfoot sam tv slim n his heartbreakers.mp3
FleaBrainBobCenter_.mp3,flea brain bob center.mp3
FlipFlopAndFlyJackEarls.mp3,flip flop and fly jack earls.mp3
Floyd_LeeGo_Boy.mp3,floyd lee go boy.mp3
FollowTheRockTheBayBops.mp3,follow the rock the bay bops.mp3
FoolishThought1957NarvelFelts.mp3,foolish thought 1957narvelfelts.mp3
FoolsParadiseBuddyHolly.mp3,fools paradise buddy holly.mp3
FourOClockBabyDarrellRhodes.mp3,four oclock baby darrell rhodes.mp3
FramedRitchieValens.mp3,framed ritchie valens.mp3
FrankieandJohnnyJohnnyCash.mp3,frankie and johnny johnny cash.mp3
Freddie_Caddell__At_The_Rockhouse.mp3,freddie caddell at the rockhouse.mp3
FujiyamaMamaDebbieLynn.mp3,fujiyama mama debbie lynn.mp3
GamblinManMarivnRainwater.mp3,gamblin man mar ivn rainwater.mp3
GENE_MALTAIS_THE_RAGING_SEA.mp3,gene malta is the raging sea.mp3
Gene_Summers__Straight_Skirt.mp3,gene summers straight skirt.mp3
George_Fleming__The_Shake.mp3,george fleming the shake.mp3
George_Weston_Hold_Still_Baby.mp3,george weston hold still baby.mp3
GeronimoStompBarryDarvell.mp3,geronimo stomp barry darvel l.mp3
GetHotOrGoHomeJohnKerby.mp3,get hot or go home john kerby.mp3
GetRhythmLRich.mp3,get rhythm l rich.mp3
GettingBetterBobbyHardin.mp3,getting better bobby hardin.mp3
GetWhatImAfterPatCupp.mp3,get what im after pat cupp.mp3
Get_It_Off_Your_MindKenny_Parchman.mp3,get it off your mind kenny parchman.mp3
GiddyUpADingDongFB.mp3,giddy up a ding dong fb.mp3
GitItGeneVincent.mp3,git it gene vincent.mp3
GladAllOver.mp3,glad all over.mp3
GoateeJoeyWarren.mp3,goatee joey warren.mp3
GoGoGoBobbySisco.mp3,gogo go bobby sisco.mp3
GoGoGoNarvelFelts.mp3,gogo gon arvel felts.mp3
GoinCrazyMackSelf.mp3,go in crazy mack self.mp3
GoingDownThatRoadErselHickey.mp3,going down that roaders el hickey.mp3
GoldDustTeddyRedell.mp3,gold dust teddy re dell.mp3
GoneAgainPaladins.mp3,gone again paladins.mp3
GoneGoneGoneCP.mp3,gone gone gone cp.mp3
GonnaBeBetterTimesAlUrban.mp3,gonna be better times al urban.mp3
GonnaRockMyBabyTonightLauraLeePerkins.mp3,gonna rock my baby tonight lauralee perkins.mp3
Gonna_Walk_You_Home.Rocket_Morgan.mp3,gonna walk you home rocket morgan.mp3
GoodbyeGoodbyeJoeClay.mp3,goodbye goodbye joe clay.mp3
GoodGollyMissMollyLittleRichard.mp3,good golly miss molly little richard.mp3
GoodTimeRoycePorter.mp3,good time royce porter.mp3
GoodWorkBoDeans.mp3,good work bodeans.mp3
Good_RockingTonightRoyBrown.mp3,good rocking tonight roy brown.mp3
GotAWholeLotOfLovingToDoBarryMartin_.mp3,got a whole lot of loving to do barry martin.mp3
GoTellAuntRhodyLonnieDonegan.mp3,go tell aunt rhody lonnie donegan.mp3
GottaLottaThatGeneSummers.mp3,gotta lotta that gene summers.mp3
GotTheBullByTheHornsHughBarrett.mp3,got the bull by the horns hugh barrett.mp3
Go_Cat_GoBob_Cleary__His_Bopcats__.mp3,go cat go bob cleary his bop cats.mp3
GrandaddysRockinMacCurtis.mp3,grandaddy s rockin mac curtis.mp3
GrandmaRockAndRollGeneSisco.mp3,grandma rock and roll genesis co.mp3
Granny_Went_RockinRodney_Scott__.mp3,granny went rockin rodney scott.mp3
GREEN_EYED_CATJOHNNY_DOLLAR.mp3,green eyed cat johnny dollar.mp3
GuitarBoogieArthurSmith.mp3,guitar boogie arthur smith.mp3
GuitarBoogieShuffleTheVirtues.mp3,guitar boogie shuffle the virtues.mp3
GuitarRockBillFlagg.mp3,guitar rock bill flagg.mp3
HalfAChanceBarbaraBurnette.mp3,half a chance barbara burnette.mp3
Hall_Harris__I_Dont_Know_When.mp3,hall harris i dont know when.mp3
HangOutLloydArnold.mp3,hang out lloyd arnold.mp3
Hardrock_Gunter__Bloodshot_Eyes.mp3,hard rock gunter bloodshot eyes.mp3
Hardrock_Gunter__Dixieland_Boogie.mp3,hard rock gunter dixieland boogie.mp3
Hardrock_Gunter__Turn_The_Other_Cheek.mp3,hard rock gunter turn the other cheek.mp3
HarlemNocturneTheViscounts.mp3,harlem nocturne the viscount s.mp3
Hasil_Adkins__Chicken_Walk.mp3,has il adkins chicken walk.mp3
HauntedHouseJumpinGeneSimmons.mp3,haunted house jump in gene simmons.mp3
HaveYouSeenMabelRockyBillFord.mp3,have you seen mabel rocky bill ford.mp3
Hayden_Thompson__Rockabilly_Gal.mp3,hayden thompson rockabilly gal.mp3
HeartbreakHotelHankSmithGeorgeJones.mp3,heartbreak hotel hank smith george jones.mp3
HeartBreakingMamaSkeetsMcDonald.mp3,heartbreaking mama skeets mcdonald.mp3
HelloBabyCharlineArthur.mp3,hello baby charline arthur.mp3
HenriettaJimmyDeeandTheOffbeats.mp3,henrietta jimmy dee and the offbeats.mp3
HepCatLarryTerry.mp3,hepcat larry terry.mp3
HereIAmJerryReed.mp3,here iam jerry reed.mp3
HesAWildOldManLIittleManHEenry_.mp3,he saw i ldoldmanliittlemanheenry.mp3
HeyBabeLetsGoDowntownJoeTherrienJr.mp3,hey babe lets go downtown joe therrien jr.mp3
HeyLittleGirlDeeClark.mp3,hey little girl dee clark.mp3
HeyLittleMamaTheBarkerBrothers.mp3,hey little mama the barker brothers.mp3
HeyPorterKennyOwens.mp3,hey porter kenny owens.mp3
HeyRosalieMickeMuster.mp3,hey rosalie micke muster.mp3
HiccupsRoddyJackson.mp3,hiccups roddy jackson.mp3
HideAwayFreddyKing.mp3,hideaway freddy king.mp3
HighClassedBabyJerryArnold.mp3,high classed baby jerry arnold.mp3
HighSchoolUSATommyFacenda.mp3,high school usa tommy face nda.mp3
High_School_HopLee_Denson.mp3,high school hop lee denson.mp3
HippyHippyShakeCR.mp3,hippy hippy shake cr.mp3
HipShakinBabyRoyBrown.mp3,hip shakin baby roy brown.mp3
HoldItLelanRogers.mp3,hold it le lan rogers.mp3
HollywoodPartyDonnieBrooks.mp3,hollywood party donnie brooks.mp3
HoneyBunnLarryDonn.mp3,honey bunn larry donn.mp3
HoneycombJimmieRodgers_.mp3,honeycomb jimmie rodgers.mp3
HoneyHushJohnnyBurnette.mp3,honey hush johnny burnette.mp3
Honey_DontTyrone_Schmidling_.mp3,honey dont tyrone schmidlin g.mp3
HonkyTonkBillDoggettP1n2.mp3,honkytonk bill doggett p1n2.mp3
HonkyTonkHardwoodFloorJohnnyHorton.mp3,honkytonk hardwood floor johnny horton.mp3
HonkyTonkMindTommyBlakeOriginal.mp3,honkytonk mind tommy blake original.mp3
HotDogBuckOwens.mp3,hot dog buck owens.mp3
HotRodLincolnJohnnyBond.mp3,hot rod lincoln johnny bond.mp3
HotRodRaceCharlieRyan.mp3,hot rod race charlie ryan.mp3
HowAboutMePrettyBabyJimmyJohnson.mp3,how about me pretty baby jimmy johnson.mp3
HowComeItThumperJones.mp3,how come it thumper jones.mp3
Howie_Stange__This_Old_Bomb_Of_Mine.mp3,howie stange this old bomb of mine.mp3
HoyHoyTheCollinsKids.mp3,hoyhoy the collins kids.mp3
HuhHuhOhYeahTracyPendarvis.mp3,h uh huh oh yeah tracy pendarvis.mp3
HurryUp.mp3,hurry up.mp3
IAintGonnaTakeItSleepyLaBeef.mp3,i a int gonna take it sleepy la beef.mp3
ICantFindTheDoorknobRayC.mp3,i cant find the doorknob ray c.mp3
ICantStayMadAtYouSkeeterDavis.mp3,i cant stay mad at you skeeter davis.mp3
ICantStopNowTexabillyRockets.mp3,i cant stop now texa billy rockets.mp3
IfIHadMeAWomanMacCurtis-dot-com.mp3,if i had me a woman mac curtis dot com.mp3
IFoughtTheLawAndTheLawWonBobbyFullerFour.mp3,i fought the law and the law won bobby fuller four.mp3
IfYouCantRockMeAlterRickyNelson.mp3,if you cant rock me alter ricky nelson.mp3
IfYouDontKnow.mp3,if you dont know.mp3
IfYouWantMyLoveBobbyLawson.mp3,if you want my love bobby lawson.mp3
IggyJoeWillieWard.mp3,iggy joe willie ward.mp3
IGotABabyGV.mp3,i got a baby gv.mp3
IGotAFeeling_RickyNelson.mp3,i got a feeling ricky nelson.mp3
IGotaGalNamedSueAltRitchieV.mp3,i got a gal named sue alt ritchie v.mp3
IGotARocketInMyPocketJimmieLloyd.mp3,i got a rocket in my pocket jimmie lloyd.mp3
IGotSchoolScottMiller.mp3,i got school scott miller.mp3
IHearYouKnockingDaveEdmunds.mp3,i hear you knocking dave edmunds.mp3
IKnewHankLeGault.mp3,i knew hank legault.mp3
IllCryNoMoreJackEdenTheSundowners.mp3,ill cry no more jack eden the sundowners.mp3
ImAHoboDannyReeves.mp3,ima hobo danny reeves.mp3
ImAManMortShuman.mp3,imam an morts human.mp3
ImComingHomeJohnnyHorton.mp3,im coming home johnny horton.mp3
ImgettingbetterallthetimeBarbaraPittman.mp3,im getting better all the time barbara pittman.mp3
ImGonnaLeaveScottyWayneFreddyFender.mp3,im gonna leave scotty wayne freddy fender.mp3
ImGonnaTellOnYouGeorgeFleming.mp3,im gonna tell on you george fleming.mp3
ImHangingUpMyRifleBobbyBare.mp3,im hanging up my rifle bobby bare.mp3
ImHungryForYourLovinDannyDill.mp3,im hungry for your lovin danny dill.mp3
ImLeavingItUpToYouDonAndDewey.mp3,im leaving it up to you don and dewey.mp3
ImLookinforSomeonetoLoveBKx.mp3,im lookin for someone to love bkx.mp3
ImMovinOnDickHiorns.mp3,im movin on dick hi or ns.mp3
ImReadyFatsDomino.mp3,im ready fats domino.mp3
ImSoLonelyJayBLoyd.mp3,im so lonely jay b loyd.mp3
ImStickingWithYouJimmyBowenTheRhythmOrchids.mp3,im sticking with you jimmy bowen the rhythm orchids.mp3
ImTroughSleepyLaBeef.mp3,im trough sleepy la beef.mp3
InDeedIDoVincentMaloy.mp3,indeed i do vincent maloy.mp3
INeedAManBarbaraPittman.mp3,i need a man barbara pittman.mp3
INeedYouBabyGeorgeWeston.mp3,i need you baby george weston.mp3
InstrumentalCliffGallup.mp3,instrumental cliff gallup.mp3
ISureDoLoveYouBabyBobbyLeeTrammell.mp3,i sure do love you baby bobby lee trammell.mp3
ItchySonnyBurgess.mp3,itchy sonny burgess.mp3
ItsLoveBabyJackieDeShannon.mp3,its love baby jackie deshannon.mp3
ItsNothingtoMeLoyClingman.mp3,its nothing to meloy clingman.mp3
ItsNoWonderHuelynDuvall.mp3,its no wonder hue lyn duvall.mp3
IveGotLoveIfYouWantItWarrenSmith.mp3,ive got love if you want it warren smith.mp3
IveHadItBellNotes.mp3,ive had it bell notes.mp3
IVibrateMackSelf.mp3,i vibrate mack self.mp3
IWantaNewGirlNowBenHewitt.mp3,i want a new girl now ben hewitt.mp3
IWantToDoItBobbyComstock.mp3,i want to do it bobby comstock.mp3
IWantYouBabyBLR.mp3,i want you baby blr.mp3
Jackie_Lee_Cochran__I_Wanna_See_You.mp3,jackie lee cochran i wanna see you.mp3
Jackie_Lee_Cochran__Ruby_Pearl.mp3,jackie lee cochran ruby pearl.mp3
Jack_Earls__Lets_Bop.mp3,jack earls lets bop.mp3
Jack_Earls__Slow_Down.mp3,jack earls slow down.mp3
JailhouseRockArtieMalvin.mp3,jailhouse rock artie malvin.mp3
JeanieJeanieJeanie.mp3,jeanie jeanie jeanie.mp3
JEANI_MACK_super_duper.mp3,jean i mack superduper.mp3
JeannieMaeJodyReynolds.mp3,jeannie mae jody reynolds.mp3
JelloSalBennyIngram.mp3,jello sal benny ingram.mp3
JennieLeeJanNArnie.mp3,jennie lee jann arnie.mp3
JimDandySaraLee.mp3,jim dandy sara lee.mp3
Jimmy_Evans__The_Joints_Really_Jumpin.mp3,jimmy evans the joints really jump in.mp3
Jimmy_Lloyd_Youre_Gone_Baby.mp3,jimmy lloyd your e gone baby.mp3
JIMMY_WAGES_Mad_Man.mp3,jimmy wages madman.mp3
JitterbopBabyHalHarris.mp3,jitter bop baby hal harris.mp3
JohnnyBGoodeChuckBerry.mp3,johnny b goode chuck berry.mp3
JohnnyIsTheBoyForMeLesPaulNMaryFord.mp3,johnny is the boy for me les paul n mary ford.mp3
JohnnysGotABoomBoom.mp3,johnnys got a boom boom.mp3
Johnny_and_the_Jailbirds_Slick_Chick.mp3,johnny and the jail birds slick chick.mp3
Johnny_Mc_Coy_and_The_CyclonesScrub_Bucket_1959_mp3ify-dot-com-1.mp3,johnny mccoy and the cyclones scrub bucket 1959mp3ifydotcom1.mp3
Johnny__Dorsey_Burnette__DaddyO_Demo.mp3,johnny dorsey burnette daddy o demo.mp3
JumpinFromSixToSixAlBarkle.mp3,jumpin from six to six alb arkle.mp3
JumpJiveNWailBealeStreetHipsters.mp3,jump jive n wail beale street hipsters.mp3
JungleRockHankMizell.mp3,jungle rock hank mizell.mp3
JustALittleBitMoreFrankDeatonTheMadLads.mp3,just a little bit more frank deaton the mad lads.mp3
JustALittleTooMuchTVRickyNelson.mp3,just a little too much tv ricky nelson.mp3
JustBecauseCKids.mp3,just because c kids.mp3
JustBecauseLarryWilliams.mp3,just because larry williams.mp3
JustineDonandDewey.mp3,justine don and dewey.mp3
JustKeeponGoingJohnnyBurnette.mp3,just keep ongoing johnny burnette.mp3
JustLookinCharlieGracie.mp3,just look in charlie gracie.mp3
JustMeAndMyBabyChuckAtha.mp3,just me and my baby chuck atha.mp3
JustRockinandRollinRonnieDawson.mp3,just rockin and roll in ronnie dawson.mp3
KansasCityWilbertHarrison.mp3,kansas city wilbert harrison.mp3
KeepAKnockinLittleRonnieSessions.mp3,keep a knockin little ronnie sessions.mp3
KeepOnSunnySideSonnyBottomBoys.mp3,keep on sunnyside sonny bottom boys.mp3
Kenny_Owens__Long_Lost_John.mp3,kenny owens long lost john.mp3
KissMeBabyNarvel_Felts.mp3,kiss me baby n arvel felts.mp3
KnockKnockKnockEddyBell.mp3,knock knock knock eddy bell.mp3
LaDoDadaDaleHawkins.mp3,lado dada dale hawkins.mp3
Lafayette_Yarborough__LivinDoll.mp3,lafayette yarborough livin doll.mp3
Larry_BrinkleyMove_Over_Rover.mp3,larry brinkley move over rover.mp3
Larry_Brinkley__All_Night_Long.mp3,larry brinkley all night long.mp3
Larry_Williams__Short_Fat_Fannie_mp3ify-dot-com.mp3,larry williams short fatfanniemp3ify dot com.mp3
LaterAlligatorBobby Charles.mp3,later alligator bobby charles.mp3
LAURA_LEE_PERKINS_oh_la_baby.mp3,lauralee perkins oh la baby.mp3
Laura_Lee_Perkins__Dont_Wait_Up.mp3,lauralee perkins dont wait up.mp3
LaurieAnn.mp3,laurie ann.mp3
LawdyMissClawdy4Lvrs.mp3,lawdymissclawdy4lvrs.mp3
LeadGuitarManSammyJulian.mp3,lead guitar man sammy julian.mp3
LeeBondsLeeBonds.mp3,lee bonds lee bonds.mp3
LendMeYourCombBernieNee.mp3,lend me your comb bernie nee.mp3
Leon_Smith__Thats_The_Way.mp3,leon smith thats the way.mp3
LeroyJackScott.mp3,leroy jack scott.mp3
LetItRipPotatoKennyLund.mp3,let itrip potato kenny lund.mp3
LetItRockBuddyNtheHearts.mp3,let it rock buddy n the hearts.mp3
LetMeInThe Sensations.mp3,let me in the sensations.mp3
LetMePlayWithYourPoodleJohnnyBucket.mp3,let me play with your poodle johnny bucket.mp3
LetsAllRockTogetherJodimars.mp3,lets all rock together jodi mars.mp3
LetsDanceTheExcels.mp3,lets dance the excels.mp3
LetsFlatGetItJimPlummer.mp3,lets flat get it jim plummer.mp3
LetsGetOnWithItArsenRoulette.mp3,lets get on with it arsen roulette.mp3
LetsGetWildRudyGrayzell.mp3,lets get wild rudy gray zell.mp3
LetsGoBonnieBlueBell.mp3,lets go bonnie bluebell.mp3
LetsGoBoppinTonightAlFerrier.mp3,lets go boppin tonight al ferrier.mp3
LetsGoLetsGoLetsGoHankBallardNtheMidnighters.mp3,lets go lets go lets go hank ballard n the midnighters.mp3
LetsGoWildAlvieSelf.mp3,lets go wild alvie self.mp3
LetsHaveABallJimMcDonald_.mp3,lets have a ball jim mcdonald.mp3
LetsJumpTheBroomstickBL.mp3,lets jump the broomstick bl.mp3
LetsThinkAboutLivingBLuman.mp3,lets think about living blum an.mp3
LetTheFourWindsBlowRaySmith.mp3,let the fourwinds blow ray smith.mp3
LettheGoodtimesRollShirleyLee.mp3,let the good times roll shirley lee.mp3
LetThereBeDrumsSandyNelson_.mp3,let there be drums sandy nelson.mp3
LetYourHairDownBabyEverettCarpenter.mp3,let your hair down baby everett carpenter.mp3
Lew_Williams__The_Girl_I_Saw_On_Bandstand.mp3,lew williams the girl is a won bandstand.mp3
LiesLiesLiesNormanBullock.mp3,lies lies lies norman bullock.mp3
LindaLuRaySharpe.mp3,linda luray sharpe.mp3
LipstickOnYourCollarConnieFrancis.mp3,lipstick on your collar connie francis.mp3
LittleBittyPrettyOneThurstonHar.mp3,little bitty pretty one thurston har.mp3
LittleCabinOnTheHillDMBros.mp3,little cabin on the hill dm bros.mp3
LittleDarlinTheGladiolas.mp3,little darlin the gladiolas.mp3
LittleLizaJaneDaleHawkins.mp3,little liza jane dale hawkins.mp3
LittleMissLindaRayCondo.mp3,little miss linda ray condo.mp3
LittleMissMuffetChuckMann.mp3,little miss muffet chuck mann.mp3
Little_Billy_Earl__Whos_Baby_Are_You_Baby.mp3,little billy earl whos baby are you baby.mp3
LockedUpInStateOfIllinoisScottyDJBoDeans.mp3,locked up in state of illinois scotty dj bodeans.mp3
LonelyHeartLindaGailLewis.mp3,lonely heart linda gail lewis.mp3
LonelyWeekendsCharlieRich.mp3,lonely weekends charlie rich.mp3
LongBlondeHairJP.mp3,long blonde hair jp.mp3
LongGoneDaddyPatCupp.mp3,long gone daddy pat cupp.mp3
LongTallTexanMurrayKellum.mp3,long tall texan murray kellum.mp3
LookingOutMyBackdoorCredence_CearwaterRvival.mp3,looking out my back door credence cear water r vival.mp3
LookOutMabelGLCrokett.mp3,lookout mabel gl croke tt.mp3
LorraineBuddyCovelle.mp3,lorraine buddy covell e.mp3
LottaLovinGeneVincent.mp3,lotta lovin gene vincent.mp3
LouisianaManDaveEdmunds.mp3,louisiana man dave edmunds.mp3
LoveARamaLeonBass.mp3,love ara male on bass.mp3
LoveBugCrawlJimBillington.mp3,lovebug crawl jim billington.mp3
LoveIsStrangeMaddoxBrothersAndRose.mp3,love is strange maddox brothers and rose.mp3
LoveMeLikeCrazyDocStarkes.mp3,love me like crazy doc starkes.mp3
LoveMyBabyHaydenThompson.mp3,love my baby hayden thompson.mp3
LoverPleaseClydeMcPhatter.mp3,lover please clyde mcphatter.mp3
LoveyDoveyTheRoyalRhythms.mp3,lovey dovey the royal rhythms.mp3
LucilleEverlyBrothers.mp3,lucille everly brothers.mp3
MACK_BANKS_YOURE_SO_DUMB_.mp3,mack banks your e so dumb.mp3
Mack_VickeryGoin_Back_To_St_Louis.mp3,mack vickery goin back to st louis.mp3
Mack_Vickery__High_School_Blues.mp3,mack vickery high school blues.mp3
MadAtYouMackSelf_.mp3,mad at you mack self.mp3
MailmanBringMeNoMoreBluesBuddyHolly.mp3,mailman bring me no more blues buddy holly.mp3
MakeLikeaRockandRollDonWoody.mp3,make like a rock and roll don woody.mp3
MakinMyLivingWithMyGuitarHalSmith.mp3,makin my living with my guitar hal smith.mp3
MamaDon'tAllowNoBoppinVernPullens.mp3,mama dont allow no boppin vern pullen s.mp3
MamasLittleBabyJuniorThompson.mp3,mamas little baby junior thompson.mp3
MarieMarieBlasters.mp3,marie marie blasters.mp3
MarketPlaceRayStanleyEddieCochran.mp3,marketplace ray stanley eddie cochran.mp3
MaryLouRonnieHawkins.mp3,marylou ronnie hawkins.mp3
McDonaldsDaughterLesterWilliams.mp3,mcdonalds daughter lester williams.mp3
MeandMyRhythmGuitarohnnyPowers.mp3,me and my rhythm guitar ohn ny powers.mp3
MeanLittleMamaRoyO.mp3,mean little mama royo.mp3
MeanWhenImMadAlt.mp3,mean when im mad alt.mp3
MeanWomanBluesBobbyAllen.mp3,mean woman blues bobby allen.mp3
Mel_McGonnigleRattle_Shakin_Mama.mp3,melmcgonniglerattleshak in mama.mp3
MemphisLM.mp3,memphis lm.mp3
Mercy.mp3,mercy.mp3
MerlesBoogieWoogieLeonBarnett.mp3,merle s boogie woogie leon barnett.mp3
Mickey_Hawks__Screamin_Mimi_Jeannie.mp3,mickey hawks screamin mimi jeannie.mp3
MidnighterTheChamps.mp3,midnight er the champs.mp3
MidnightShiftBuddyHolly.mp3,midnight shift buddy holly.mp3
MidnightSpecialPaulEvans.mp3,midnight special paul evans.mp3
Mike_Waggoner__Basher.mp3,mike waggoner basher.mp3
MilkBucketBoogieHarryAdams.mp3,milk bucket boogie harry adams.mp3
MilkshakeMademoisellerryLeeLewis.mp3,milkshake mademoiselle r rylee lewis.mp3
Milton_AllenJust_LookDont_TouchShes_Mine.mp3,milton allen just look dont touch shes mine.mp3
MindYourOwnBusinessHankWilliams.mp3,mind your own business hank williams.mp3
MissAnnLittleRichard.mp3,miss ann little richard.mp3
MissBobbySoxBennyJoy.mp3,miss bobby sox benny joy.mp3
MissFroggieWarrenSmith_.mp3,miss froggie warren smith.mp3
MissPearlJimmyWages.mp3,miss pearl jimmy wages.mp3
mobile_alabamaCURTIS_GORDON_.mp3,mobile alabama curtis gordon.mp3
MonaLisaCarlMann.mp3,monalisa carl mann.mp3
MoneyHoneyGaryEngel.mp3,money honey gary engel.mp3
MonkeyBiteAlHendrix.mp3,monkey bite al hendrix.mp3
MonkeysUncleRaySharpe.mp3,monkeys uncle ray sharpe.mp3
Moon_Mullican__Seven_nights_to_rock.mp3,moon mullican seven nights to rock.mp3
Morse_Code__Don_Woody.mp3,morse code don woody.mp3
MoveAroundGroovyJoePoovey-1.mp3,move around groovy joepoovey1.mp3
MoveItOnOverRoseMaddox.mp3,move it on over rose maddox.mp3
MovinNGroovinDuaneEddy.mp3,movin n groovin duane eddy.mp3
MrDucktailUncleBuckLite.mp3,mr duck tail uncle buck lite.mp3
MrLeeTheBobbettes.mp3,mr lee the bob bette s.mp3
MuleskinnerBluesFendermen.mp3,mule skinner blues fender men.mp3
MyBabeNarvel.mp3,my babe n arvel.mp3
MyBabyLeftMeRockRogersLeonPayne.mp3,my baby left me rock rogers leon payne.mp3
MyBoyElvisJanisMartin.mp3,my boy elvis janis martin.mp3
MyBrandOfBluesMarivnRainwater.mp3,my brand of blues mar ivn rainwater.mp3
MyBucketsGotAHoleInItHankSr.mp3,my buckets got a hole in it hanks r.mp3
MyBucketsGotAHoleInItRickyNelson.mp3,my buckets got a hole in it ricky nelson.mp3
MyGirlJosephineFatsDomino.mp3,my girl josephine fats domino.mp3
MyHeartIsAnOpenBookCarlDobkinsJr.mp3,my heart is an openbook carl dobkin sjr.mp3
MyLittleRubyChan.mp3,my little ruby chan.mp3
MyLovinBabyRayStanleyEddieCochranGtr.mp3,my lovin baby ray stanley eddie cochran gtr.mp3
MyNameIsJimmyJimmyWolford.mp3,my name is jimmy jimmy wolford.mp3
MySearchBenHewitt.mp3,my search ben hewitt.mp3
MysteryTrainBobLuman.mp3,mystery train bob luman.mp3
NaturalDittyJDM.mp3,natural ditty jdm.mp3
NeeNeeNaNaNaNaNuNuDickeyDooandtheDonts.mp3,nee neena na na na nunu dickey doo and the donts.mp3
NightProwlDelRays.mp3,night prowl delray s.mp3
No9TrainTarheelSlim.mp3,no9traintarheelslim.mp3
NobodysDarlinButMineMarvBlihovde.mp3,nobodys darlin but mine marv bli hovde.mp3
NoDozeBluesSonnyLeonard.mp3,no doze blues sonny leonard.mp3
NoLoveInYouHarmonBoazeman.mp3,no love in you harmon boa zeman.mp3
NoMoreCryingTheBluesAltAnJ.mp3,no more crying the blues alta nj.mp3
NotFadeAwayBuddyHolly.mp3,not fade away buddy holly.mp3
NothinShakinEddieFontaine.mp3,nothin shakin eddie fontaine.mp3
NoTrespassingTheVentures.mp3,no trespassing the ventures.mp3
NuthinButANuthinimmyStewart.mp3,nuthin but a nuthin im my stewart.mp3
OakieBoogieHankSwatley.mp3,oakie boogie hanks watley.mp3
OhBabyDollChuckBerry.mp3,oh babydoll chuck berry.mp3
OhBoyLM.mp3,oh boy lm.mp3
OhJulieCrescendos.mp3,oh julie crescendos.mp3
OhLonesomeMeDonGibson.mp3,oh lonesome med on gibson.mp3
OhWhatLoveIsJackBaileyNThe_Naturals.mp3,oh what love is jack bailey n the naturals.mp3
OhWhyLR.mp3,oh why lr.mp3
OhYeahTheBlueTones.mp3,oh yeah the bluetones.mp3
OneAndOnlyEddieFontaine.mp3,one and only eddie fontaine.mp3
OneCupOfCoffeeAndACigarette.mp3,one cup of coffee and a cigarette.mp3
OneGoodGalCharlieFeathers.mp3,one good gal charlie feathers.mp3
OneHandLooseCharlieFeathers.mp3,one hand loose charlie feathers.mp3
OneWayTicketBobbyCrown.mp3,one way ticket bobby crown.mp3
OobyDoobyJanisMartin.mp3,oo by dooby janis martin.mp3
Orangie_Ray_Hubbard__Is_She_Sore.mp3,or angie ray hubbard is she sore.mp3
OverTheRainbowRomanSelf.mp3,over the rainbow roman self.mp3
ParalyzedDemoForElviOB.mp3,paralyzed demo for elvi ob.mp3
PartyDollBuddyKnox.mp3,party doll buddy knox.mp3
PartyTonightHaydenThompson.mp3,party tonight hayden thompson.mp3
PatchesDickeyLee.mp3,patches dickey lee.mp3
Peanuts_Wilson__Youve_Got_Everything.mp3,peanuts wilson you ve got everything.mp3
PearlyLeeBillyLeeRiley.mp3,pearly lee billy lee riley.mp3
PerfidiaTheVentures.mp3,perfidia the ventures.mp3
PeroxideBlondeNAHoppedUpModelFordGeneSimmons.mp3,peroxide blonde na hopped up model ford gene simmons.mp3
PianimalJasonDWillams.mp3,pi animal jason d willams.mp3
PinkAndBlackDays_mp3ify-dot-com.mp3,pink and black days mp3ify dot com.mp3
PinkAndBlackSonnyFisher.mp3,pink and black sonny fisher.mp3
PinkCadillacJimmyEvans.mp3,pink cadillac jimmy evans.mp3
PinkPegSlacksEddieC.mp3,pink pegs lacks eddie c.mp3
PlayboyBobDenton.mp3,playboy bob denton.mp3
PlaymatesDerrellFelts.mp3,playmates derrell felts.mp3
PleaseDontTouchJohnnyKiddandthePirates.mp3,please dont touch johnny kidd and the pirates.mp3
PleaseMamaPleaseGoCatGo.mp3,please mama please go cat go.mp3
PleasePleaseWhatsTheMatterLordBeverlyMossNTheMossmen.mp3,please please whats the matter lord beverly moss n the moss men.mp3
PledgingMyLoveJohnnyAce.mp3,pledging my love johnny ace.mp3
PretendCarlMann.mp3,pretend carl mann.mp3
PrettiestGirlinTown.mp3,prettiest girl in town.mp3
PrettyBadBluesRomanSelf.mp3,pretty bad blues roman self.mp3
PrettyLittleLovesongHaydenThompson.mp3,pretty little love song hayden thompson.mp3
PrettyLittleWomanFrankTriolo.mp3,pretty little woman frank triolo.mp3
PromisedLandDaveEdmunds.mp3,promised land dave edmunds.mp3
PuckerPaintDannyWolfe.mp3,pucker paint danny wolfe.mp3
PurplePeopleEaterMeetstheWitchDoctorTheBigBopper.mp3,purple people eater meets the witchdoctor the big bopper.mp3
PushinEddieCochranRayStanley.mp3,push in eddie cochran ray stanley.mp3
PutMeDownTheRestLess.mp3,put me down the restless.mp3
PutYourCatClothesOnCarlPerkins.mp3,put your cat clothes on carl perkins.mp3
RaceTrackBoogieRenaudVeluzat.mp3,racetrack boogie renaud ve luz at.mp3
RaceWithTheDevilGeneVincent.mp3,race with the devil gene vincent.mp3
RainRainPaladins.mp3,rain rain paladins.mp3
RattleMyBonesANDLotsaLoveJodimars.mp3,rattle my bones and lots a love jodi mars.mp3
RattleShakinDaddyJodimars.mp3,rattle shakin daddy jodi mars.mp3
RattlesnakeDaddyJoeDJohnson.mp3,rattlesnake daddy joe d johnson.mp3
RaunchyBillJustis.mp3,raunchy bill just is.mp3
RawHideLW.mp3,rawhide lw.mp3
RazzleDazzleBillHaley.mp3,razzle dazzle bill haley.mp3
RealGoneDaddyHowieStange.mp3,real gone daddy howie stange.mp3
RealRockDrivewBillHaleySaddlemen.mp3,real rock drive w bill haley saddle men.mp3
RealThingChipTaylor.mp3,real thing chip taylor.mp3
RealWildChildvan.mp3,real wildchild van.mp3
RebelrouserDuaneEddy.mp3,rebel rouser duane eddy.mp3
RedCadillacAndABlackMustacheWarrenSmith.mp3,red cadillac and a black mustache warren smith.mp3
RedHeadedWomanWayneWorley.mp3,redheaded woman wayne worley.mp3
RedHotAltBLR.mp3,red hot alt blr.mp3
RedHotBillyTheKidEmerson.mp3,red hot billy the kid emerson.mp3
RedHotMama.mp3,red hot mama.mp3
RedHotMamaWayneWilliams.mp3,red hot mama wayne williams.mp3
RedLightGreenLight Stargazers.mp3,red light green light stargazers.mp3
RedRiverRock.mp3,re driver rock.mp3
RhythmRockBobbyAndTheRhythmRockers.mp3,rhythm rock bobby and the rhythm rockers.mp3
RightBehindYouBabyRaySmith.mp3,right behind you baby ray smith.mp3
RightStringButWrongYoYoLarryB.mp3,right string but wrong yoyo larry b.mp3
RightTimeToRockHonkyTonkRndrs.mp3,right time to rock honkytonk rnd rs.mp3
RITCHIE_VALENSCOME_ON_LETS_GO.mp3,ritchie valens come on lets go.mp3
RoadRunnerBoDiddley.mp3,roadrunner bo diddley.mp3
RockabillyBoogieLiveRobertGordon.mp3,rockabilly boogie live robert gordon.mp3
RockabillyDaddyAlvisWayne.mp3,rockabilly daddy alvis wayne.mp3
RockabillyRebelGrahamFenton.mp3,rockabilly rebel graham fenton.mp3
RockabillyTown.mp3,rockabilly town.mp3
rockabilly_lifewild_roosters.mp3,rockabilly life wild roosters.mp3
RockAByeBabySkeeterBonn.mp3,rockabye baby skeeter bonn.mp3
RockAChickaWarnerMack.mp3,rock a chick a warner mack.mp3
RockaLittleFasterInstruDickieHarrell.mp3,rock a little faster instru dickie harrell.mp3
RockAndRollJumpAndJiveCurtisGordon.mp3,rock and roll jump and jive curtis gordon.mp3
RockAndRollRecordGirlBobbyPoe.mp3,rock and roll record girl bobby poe.mp3
RockAround TheClockLive.mp3,rock around the clock live.mp3
RockAroundTheTownDeanBeard.mp3,rock around the town dean beard.mp3
RockBoppinBabyEdwinBruce_.mp3,rock boppin baby edwin bruce.mp3
RockDollBernieEarly.mp3,rock doll bernie early.mp3
Rocket88OriginalIkeTurnerJackieBrenston.mp3,rocket 88 origin alike turner jackie bren st on.mp3
RockGoAroundChesterSmith.mp3,rock go around chester smith.mp3
RockHouseBK.mp3,rockhouse bk.mp3
RockinBanditRaySmith.mp3,rockin bandit ray smith.mp3
RockinBonesRonnieDawson.mp3,rockin bones ronnie dawson.mp3
RockinBoyBlueJohnnyNTheJailbirds.mp3,rockin boy blue johnny n the jail birds.mp3
RockinDaddySonnyFisher.mp3,rockin daddy sonny fisher.mp3
RockingJalopyTheAlabamaKid.mp3,rocking jalopy the alabama kid.mp3
RockinLangSyneTheRockinStockin.mp3,rockin lang syne the rock in stock in.mp3
RockinLittleAngelRaySmith.mp3,rockin little angel ray smith.mp3
RockinLoveCarlMann.mp3,rockin love carl mann.mp3
RockinPneumoniaBoogieWoogieFluHueyPianoSmith.mp3,rockin pneumonia boogie woogie flu huey piano smith.mp3
RockinRedWingSammyMasters.mp3,rockin redwing sammy masters.mp3
RockinRollinStoneAndyStarr_.mp3,rockin rollin stone andy starr.mp3
RockinTheJointEsquerita.mp3,rock in the joint esque rita.mp3
RockinWithMyBabyMalcolmYelvington.mp3,rockin with my baby malcolm yelvington.mp3
RockIslandLineLonnieDonegan.mp3,rock island line lonnie donegan.mp3
RockNRollFeverCecilCampbell.mp3,rocknroll fever cecil campbell.mp3
RocknRollonaSaturdayNightDwainBell.mp3,rocknroll on a saturday night dwain bell.mp3
RocknRollsaddles.mp3,rocknroll saddles.mp3
RockNRollwithMomandDadBillDavenport.mp3,rocknroll with mom and dad bill davenport.mp3
RocknRoll_DaddyoJoeyCastle.mp3,rocknroll daddy o joey castle.mp3
RockNRubyWarrenSmith.mp3,rock n ruby warren smith.mp3
RockOlaRubySonnyWest.mp3,rock ola ruby sonny west.mp3
RockOnJackieLeeCochran.mp3,rock on jackie lee cochran.mp3
RockOnMabelVernPullens.mp3,rock on mabel vern pullen s.mp3
RockPrettyMamaaltBAdams.mp3,rock pretty mama alt b adams.mp3
RocktheJointBillHaleyNtheSaddlemen.mp3,rock the joint bill haley n the saddle men.mp3
RockYourLittleBabyToSleepBuddyKnox.mp3,rock your little baby to sleep buddy knox.mp3
RockyRoadBluesCliffDavis.mp3,rocky road blues cliff davis.mp3
RockyTopOsborneBrothers.mp3,rocky top osborne brothers.mp3
Rocky_Morgan__Wolf_whistle_baby_Rockabilly_mp3ify-dot-com.mp3,rocky morgan wolf whistle baby rockabilly mp3ify dot com.mp3
RolandoRoland_Janes.mp3,rolando roland janes.mp3
RollinAnARockinFrankVirtuoso.mp3,rollin ana rockin frank virtuoso.mp3
RollinThroughTheNightCrazyCavan.mp3,rollin through the night crazy cavan.mp3
Ronnie_Haig__Later_Baby.mp3,ronnie haig later baby.mp3
RootieTootieBabyLeeMitchell.mp3,root ie tootie baby lee mitchell.mp3
RosieLetsGetCozyDaveRich.mp3,rosie lets get cozy dave rich.mp3
Royce_Porter__Yes_I_Do.mp3,royce porter yes i do.mp3
Roy_Orbison_Youre_Gonna_Cry.mp3,roy orbison your e gonna cry.mp3
RubberDollyBillParsons.mp3,rubber dolly bill parsons.mp3
Rudy_Grayzell_Judy.mp3,rudy gray zell judy.mp3
RumbleLinkWray.mp3,rumble link wray.mp3
RunBabyRunClaudeKing.mp3,run baby run claude king.mp3
RunningBearJohnnyPreston.mp3,running bear johnny preston.mp3
SagDragnFallSidKing.mp3,sag dragn falls id king.mp3
SailAwayRaySmith.mp3,sail away ray smith.mp3
Sammy_Lara_And_The_Skytones__Little.mp3,sammy lara and the sky tones little.mp3
SchoolofRockNRollGeneSummers.mp3,school of rocknroll gene summers.mp3
SeaCruiseFrankieFord.mp3,sea cruise frankie ford.mp3
SeaOfLovePhilPhillips.mp3,sea of love phil phillips.mp3
SearchinBillyLeeRiley.mp3,search in billy lee riley.mp3
SeptemberIntheRainCliffGallup.mp3,september in the rain cliff gallup.mp3
SeventeenBoyd_Bennettoriginal_song1955_mp3ify-dot-com.mp3,seventeen boyd bennett original song1955mp3ify dot com.mp3
SexyWaysHankBallardTheMidnighters.mp3,sexy way shank ballard the midnighters.mp3
ShadowMyBabyGlennBarber.mp3,shadow my baby glenn barber.mp3
ShakeAHand4Luvrs.mp3,shakeahand4luvrs.mp3
ShakeBabyShakeWayneRaney.mp3,shake baby shake wayne raney.mp3
ShakeItUpConwayTwitty.mp3,shake it up conway twitty.mp3
ShakinAllOverJohnnyKiddandthePirates.mp3,shakin all over johnny kidd and the pirates.mp3
SheBopsAlotGeneSummers.mp3,she bops a lot gene summers.mp3
SheHitTheCelinWhenIHitTheDoorBillSwain.mp3,she hit the cel in when i hit the door bill swain.mp3
SheSheLittleSheilaLarryMerritt.mp3,she she little sheila larry merritt.mp3
ShesMyLittleBabyBobbyMack.mp3,shes my little baby bobby mack.mp3
ShesNeatDaleWright.mp3,shes neat dale wright.mp3
ShimmyDollAshleyBeaumont.mp3,shimmy doll ashley beaumont.mp3
ShimShamShimmyRonnieDawson.mp3,shims ham shimmy ronnie dawson.mp3
ShipsWithoutHarbourBlackRaven.mp3,ships without harbour black raven.mp3
ShirleyLeeBobbyLeeTrammell.mp3,shirley lee bobby lee trammell.mp3
ShookShakeKenDavis.mp3,shook shake ken davis.mp3
ShoppingListJimmyLeeProw.mp3,shopping list jimmy lee prow.mp3
ShortninBreadPaulChaplainandhisEmeralds.mp3,short nin bread paul chaplain and his emeralds.mp3
ShotgunBoogieTennessee Ernie Ford.mp3,shotgun boogie tennessee ernie ford.mp3
ShoveOffShortStuffBurtKline.mp3,shove off shortstuff burt kline.mp3
SickAndTiredMackAllenSmith.mp3,sick and tired mack allen smith.mp3
SideburnDaddyLittleMo.mp3,sideburn daddy little mo.mp3
SillySallySammyLara.mp3,silly sally sammy lara.mp3
SingingTheBluesMartyRobbins.mp3,singing the blue smarty robbins.mp3
SixDaysontheRoadDaveDudley.mp3,six days on the road dave dudley.mp3
SixteenChicksJoeClay.mp3,sixteen chicks joe clay.mp3
SixteenTonsTennesseeErnieFord.mp3,sixteen tons tennessee ernie ford.mp3
Skeleton_Fight__Mack_Allen.mp3,skeleton fight mack allen.mp3
SkipHopWobbleArtieNTheMustangs.mp3,skip hop wobble arti en the mustangs.mp3
SleepRockARollRockABabyAlvisWayne.mp3,sleep rock a roll rock a baby alvis wayne.mp3
SleepwalkSantoJohnny.mp3,sleepwalk san to johnny.mp3
SlewfootSueJerryArnold.mp3,slew foot sue jerry arnold.mp3
SlimJimBabyJohnnyDollar.mp3,slim jim baby johnny dollar.mp3
SlippinSlippininEB.mp3,slippin slippin in eb.mp3
SlowDownLarryWilliams.mp3,slow down larry williams.mp3
SlowWalkSilAustin.mp3,slow walks il austin.mp3
SmokiePart2BillBlacksCombo.mp3,smokiepart2bill blacks combo.mp3
SnaggletoothAnnGNorman.mp3,snaggletooth an ng norman.mp3
SoDoggoneLonesomeBobbyLord.mp3,so doggone lonesome bobby lord.mp3
SoLongImGoneWarrenSmith.mp3,so long im gone warren smith.mp3
SomedayOneDayDaleHawkins.mp3,someday one day dale hawkins.mp3
SomethinElseEddieCochran.mp3,somethin else eddie cochran.mp3
SomethingISaidRayCondo.mp3,something is aid ray condo.mp3
Sonny_Burgess__Hoochy_Koochy.mp3,sonny burgess hoochykoochy.mp3
SoundsLikeShesSlamminThe Door.mp3,sounds like shes slammin the door.mp3
SplishSplashBobbyDarin.mp3,splish splash bobby darin.mp3
Square_WomanJerry_Wood.mp3,square woman jerry wood.mp3
StopWhislinWolfMaddoxBrothersAndRose.mp3,stop w his lin wolf maddox brothers and rose.mp3
Stop_Then_RockKent_Parry.mp3,stop then rock kent parry.mp3
StrandedintheJungleTheCadets.mp3,stranded in the jungle the cadets.mp3
StrollieBunTheBlondeBomber.mp3,stroll ie bun the blonde bomber.mp3
StupidCupidWandaJackson.mp3,stupid cupid wanda jackson.mp3
SuchANightVinceEverett.mp3,such a night vince everett.mp3
SuckerForACheapGuitar.mp3,sucker for a cheap guitar.mp3
SugarBuggarFuzzyWhitener.mp3,sugar bug gar fuzzy whitener.mp3
SugareeRustyYork.mp3,sugaree rusty york.mp3
SunglassesAfterDarkDwightPullen.mp3,sunglasses after dark dwight pullen.mp3
SusieDarlinRobinLuke.mp3,susie darlin robin luke.mp3
SusiesHouseTooterBoatman.mp3,susie s house too ter boatman.mp3
SweetAndEasyToLoveYouVernonTaylor.mp3,sweet and easy to love you vernon taylor.mp3
SweetLoveOrangie.mp3,sweet love or angie.mp3
SweetNuthinsWanda.mp3,sweet nuthin sw and a.mp3
SweetRockinBabySonnyWest.mp3,sweet rockin baby sonny west.mp3
SweetSkinnyJennyPaulPeek.mp3,sweet skinny jenny paul peek.mp3
SweetSweetSweetJohnnyJordan.mp3,sweet sweet sweet johnny jordan.mp3
SweetTalkBunnyPaul.mp3,sweet talk bunny paul.mp3
SweetWillieBarbaraAllen.mp3,sweet willie barbara allen.mp3
SweetWomanEdwinBruce.mp3,sweet woman edwin bruce.mp3
SwingBopBoogieAlvisWayne.mp3,swing bop boogie alvis wayne.mp3
TagAlongRocketMorgan.mp3,tag along rocket morgan.mp3
TakeItEasyGreasyBillLehman.mp3,take it easy greasy bill lehman.mp3
TallahasseeLassieFreddyCannon.mp3,tallahassee lassie freddy cannon.mp3
TallCoolOneTheWailers.mp3,tallcoolone the wailers.mp3
TallDarkAndHandsomeManBSisco.mp3,tall dark and handsome man b sisco.mp3
TantalizinBabyDonBurton.mp3,tanta liz in baby don burton.mp3
TeenageBoogieWebbPierce.mp3,teenage boogie webb pierce.mp3
TeenageQueenLonnieBarron.mp3,teenage queen lonnie barron.mp3
TeenAngelMarkDinning.mp3,teen angel mark dinning.mp3
TeenBeatSandyNelson_.mp3,teenbeat sandy nelson.mp3
TennesseeToddyMartyRobbins.mp3,tennessee toddy marty robbins.mp3
Tennessee_Thompson__Slippin__Slidin.mp3,tennessee thompson slippin slidin.mp3
TequilaChamps.mp3,tequila champs.mp3
ThatAintNothingButRightJoeyCastle.mp3,that a int nothing but right joey castle.mp3
ThatCertainFemaleCharlieFeathers.mp3,that certain female charlie feathers.mp3
ThatsAllOnieWheeler.mp3,thats all on ie wheeler.mp3
ThatsAllRightoriginalArthurCrudup.mp3,thats all right original arthur crudup.mp3
ThatsAllRightRickyNelson.mp3,thats all right ricky nelson.mp3
ThatsShowBizDaleWright.mp3,thats showbiz dale wright.mp3
ThatstheWayIFeelJimmyPritchett.mp3,thats the way i feel jimmy pritchett.mp3
TheCheaterBobbyDeSoto.mp3,the cheater bobby desoto.mp3
TheCreeksGoneMuddyJimmyBallard.mp3,the creeks gone muddy jimmy ballard.mp3
TheFoolSClark.mp3,the fools clark.mp3
TheGirlCantHelpItRustyYork.mp3,the girl cant help it rusty york.mp3
TheGreatPretenderJimAlleyNTheAlleyCats.mp3,the great pretender jim alleyn the alley cats.mp3
TheHappyWhistlerDonRobertson.mp3,the happy whistler don robertson.mp3
TheItchCarlCherry.mp3,the itch carl cherry.mp3
TheKidsAreAlrightLordBeverlyMossNTheMossmen.mp3,the kids are alright lord beverly moss n the moss men.mp3
TheNightRiderSpeedyWestJimmyBryant_mp3ify-dot-com.mp3,the nightrider speedy west jimmy bryant mp3ify dot com.mp3
ThereWasAFungusAmongUsTerryNoland.mp3,there was a fungus among us terry noland.mp3
ThereYouGoBennyBarnes.mp3,there you go benny barnes.mp3
TheRightKeyButTheWrongKeyHoleHardrockGunter.mp3,the right key but the wrong keyhole hard rock gunter.mp3
TheRockARoundEsquerita.mp3,the rock around esque rita.mp3
TheRockinLadyPennyCandy.mp3,the rockin lady penny candy.mp3
TheSouthsGonnaRiseAgainLeeDenson.mp3,the south s gonna rise again lee denson.mp3
TheSyndicateTheNationals.mp3,the syndicate the nationals.mp3
TheWalkJimmyMcCracklin.mp3,the walk jimmy mc cracklin.mp3
TheWayIWalkJScott.mp3,the way i walk j scott.mp3
TheWomanILoveGeneTerryNHisKoolKats.mp3,the woman i love gene terry n his kool kats.mp3
TheworryinkindTommySands.mp3,the worry in kind tommy sands.mp3
TheyRaidedTheJointMackBanks.mp3,they raided the joint mack banks.mp3
The_AtmospheresThe_Fickle_Chicken.mp3,the atmospheres the fickle chicken.mp3
The_Del_TonesRockinBlues.mp3,the del tones rockin blues.mp3
The_Duals__Wait_up_baby.mp3,the duals wait up baby.mp3
The_Rockin_Saints__Alright_Baby.mp3,the rockin saints alright baby.mp3
The_Sprouts__Teen_Billy_Baby.mp3,the sprouts teen billy baby.mp3
ThisLittleGirlOfMineEverlyBrothers.mp3,this little girl of mine everly brothers.mp3
ThisTrainWithRickyNelson.mp3,this train with ricky nelson.mp3
ThreeMonthstoKillHuelynDuvall.mp3,three months to kill hue lyn duvall.mp3
ThreeStarsTommyDee.mp3,three stars tommy dee.mp3
Thumper_JonesRock.mp3,thumper jones rock.mp3
ThunderbirdBilly_Lee_Riley.mp3,thunderbird billy lee riley.mp3
TipToesBobbyWayne.mp3,tiptoes bobby wayne.mp3
TOMMY_BLAKE_cool_alligator.mp3,tommy blake cool alligator.mp3
Tommy_Blake_Sweetie_Pie.mp3,tommy blake sweetie pie.mp3
TooMuchFunBuddyKnox.mp3,too much fun buddy knox.mp3
TooOldtoRockNRollChucklinChuckSloan.mp3,too old to rocknroll chuck lin chucks loan.mp3
ToreUpSleepyLabeef.mp3,to re up sleepy la beef.mp3
TRACY_PENDARVIS_A_THOUSAND_GUITARS.mp3,tracy pendarvis a thousand guitars.mp3
Tracy_Pendarvis_South_Bound_Line.mp3,tracy pendarvis southbound line.mp3
TrainKeptARollinJohnnyBurnette.mp3,train kept a roll in johnny burnette.mp3
TransfusionNervousNorvus.mp3,transfusion nervous norv us.mp3
TrappedLoveKeithCourvale.mp3,trapped love keith cour vale.mp3
TreatMeRightKennyParchman.mp3,treat me right kenny parchman.mp3
TroubleBoundBLR.mp3,trouble bound blr.mp3
TruckDrivinManTerryFell.mp3,truck drivin man terry fell.mp3
TrueLoveComeMyWayLarryDiamond.mp3,true love come my way larry diamond.mp3
TrumpetMalcolmYelvington.mp3,trumpet malcolm yelvington.mp3
TryMeBobLuman.mp3,try me bob luman.mp3
tuggin_on_my_heart_stringsDAVE_RICH_.mp3,tug gin on my heartstrings dave rich.mp3
TurnAroundStanPerkins.mp3,turnaround stan perkins.mp3
TwentyFlightRockEddieCochran.mp3,twenty flight rock eddie cochran.mp3
UbangiStompWarrenSmith.mp3,ubangi stomp warren smith.mp3
UncleJohnWildChildGipson.mp3,uncle john wildchild gipson.mp3
UnderstandYourManGrantGrieves.mp3,understand your man grant grieves.mp3
UstaBeMyBabySanfordClark.mp3,usta be my baby sanford clark.mp3
VacationsOverLouJosie.mp3,vacations over lou josie.mp3
VayaConDiosMyDarlingLesPaulNMaryFord.mp3,vaya condi os my darling les paul n mary ford.mp3
Vince_Maloy__Soda_Pop.mp3,vince maloy soda pop.mp3
WaikikiBeachPaulPeek.mp3,waikiki beach paul peek.mp3
WalkdontrunVentures.mp3,walk dont run ventures.mp3
WalkingInMySleepJerryDean.mp3,walking in my sleep jerry dean.mp3
WantedManNumberNine.mp3,wanted man number nine.mp3
Warren_Smith__Sweet_Sweet_Girl.mp3,warren smith sweet sweet girl.mp3
WashMachineBoogieBillBrowningTheEchoValleyBoys.mp3,wash machine boogie bill browning the echo valley boys.mp3
WastedDaysWastedNightsFreddyFender.mp3,wasted days wasted nights freddy fender.mp3
WatchYourMouthTroyceKey_.mp3,watch your mouth t royce key.mp3
WeekendKingsmenComets woBillHaley.mp3,weekend kingsmen comets wo bill haley.mp3
WeGonnaBopStopRockRayVict.mp3,we gonna bop stop rock ray vict.mp3
WellIKnockedBimBamGeneVincent.mp3,well i knocked bimba m gene vincent.mp3
WellKnowDigThisJodimars.mp3,well know dig this jodi mars.mp3
WereGonnaRockTonightCarlos.mp3,were gonna rock tonight carlos.mp3
WERLY_FAIRBURN_All_the_Time.mp3,we rly fairburn all the time.mp3
Werly_Fairburn_Telephone_baby.mp3,we rly fairburn telephone baby.mp3
Wesley_Hardin__Cry_Cry_Cry.mp3,wesley hardin cry cry cry.mp3
Wes_Voight__Im_Ready_To_Go_Steady.mp3,wes voight im ready to go steady.mp3
WeWannaBoogieSonnyBurgess.mp3,we wanna boogie sonny burgess.mp3
WhamLonnieMack.mp3,wham lonnie mack.mp3
WhatAmIGonnaDoJimmy Evans.mp3,what ami gonna do jimmy evans.mp3
WhatDidYouSayRedHotnBlue_.mp3,what did you say red hot n blue.mp3
WhatsAllThisBobMatticeandThePhaetons.mp3,whats all this bob mattice and the phaeton s.mp3
WheelsTheStringALongs.mp3,wheels the string alongs.mp3
WhenIFoundYou1956JerryReed.mp3,when i found you 1956jerryreed.mp3
WhenMyDreamBoatComesHomeGradyMartin.mp3,when my dreamboat comes home grady martin.mp3
WheredYouStayLastNiteRayHarris__.mp3,where d you stay last nite ray harris.mp3
WhiteLightningTheBigBopperOriginalversion_.mp3,white lightning the big bopper original version.mp3
WhiteSilverSandsDonRondo.mp3,white silver sands don rondo.mp3
WholeLottaShakinGoinOnTooterBoatman.mp3,whole lotta shakin goin on too ter boatman.mp3
WildcatTamerTarheelSlim.mp3,wildcat tamer tarheel slim.mp3
WildSideOfLifeJLL.mp3,wild side of life jll.mp3
WildWildPartyCharlieFeathers.mp3,wild wild party charlie feathers.mp3
WillieAndTheHand JiveJohnnyOtis.mp3,willie and the hand jive johnny otis.mp3
Willie_Ward__Im_A_Mad_Man.mp3,willie ward im a madman.mp3
WomanLoveJimmyJohnson.mp3,woman love jimmy johnson.mp3
WoodpeckerRockNatCoutyandtheBraves_.mp3,woodpecker rock natco uty and the braves.mp3
WooHooTheRockATeens.mp3,woohoo the rock a teens.mp3
WorriedAboutYouBabyAltMaylon.mp3,worried about you baby alt may lon.mp3
YaketySaxAceCannon.mp3,yakety sax ace cannon.mp3
Yeah_BabyBetty_Smith_.mp3,yeah baby betty smith.mp3
You'reGoneButI'mLeftTyrone Schmidling.mp3,your e gone but im left tyrone schmidlin g.mp3
YouBugMeBabyLarryWilliams.mp3,you bug me baby larry williams.mp3
YouCanPersuadeMe.mp3,you can persuade me.mp3
YouCantSitDownTheDovells.mp3,you cant sit down the dove lls.mp3
YouCantStopMefromDreaminRobinLuke.mp3,you cant stop me from dreamin robin luke.mp3
YoullBeMyBabyDavidGates.mp3,youll be my baby david gates.mp3
YoulookthatgoodtomeJoeClay.mp3,you look that good to me joe clay.mp3
YouMadeAHitRaySmith.mp3,you made a hit ray smith.mp3
YouMakeItTheyTakeItJR.mp3,you make it they take it jr.mp3
YoungAndWildAlHendrix.mp3,young and wild al hendrix.mp3
YoungLongJohnPhilBarclay.mp3,young long john phil barclay.mp3
YouOughtaSeeGrandmaRockSkeetsMcDonald.mp3,you oughta see grandma rock skeets mcdonald.mp3
YoureGoneBabyJimmyLloyd.mp3,your eg one baby jimmy lloyd.mp3
YoureGoneRudyGrayzell.mp3,your eg one rudy gray zell.mp3
YoureSoRightForMeRonnieSelf.mp3,your e so right for me ronnie self.mp3
YoureSoSquareBabyIDontCareRodneyScott.mp3,your e so square baby i dont care rodney scott.mp3
YouretheOneThatDoneItThomasWayne.mp3,your e the one that done it thomas wayne.mp3
YourLovinManVernonTaylor.mp3,your lovin man vernon taylor.mp3
YourTrueLoveAltCarlPerkins.mp3,your true love alt carl perkins.mp3
YouSendMeSamCooke.mp3,you send me sam cooke.mp3
You_Call_Everybody_DarlinKenny_Parchman.mp3,you call everybody darlin kenny parchman.mp3
You_Gotta_MoveChester_Smith.mp3,you gotta move chester smith.mp3
you_tell_her_i_stutterJIMMY_LEE_PROW_.mp3,you tell her i stutter jimmy lee prow.mp3
